insert into HANG 
values ('HH01',N'Nước suối',27, N'chai', 10000),
('HH02', N'Coca cola', 25, N'chai', 15000),
('HH03', N'Pepsi', 29, N'chai', 15000),
('HH04', N'Không độ', 29, N'chai', 15000),
('HH05', N'Sting', 12, N'chai', 15000),
('HH06', N'Trà Túi Lọc Phúc Long', 21, N'gói', 5000),
('HH07', N'Cà phê gói NESCAFÉ', 22, N'gói', 5000),
('HH08', N'Bia tiger', 32, N'lon', 23000),
('HH09', N'Bánh snack Oishi', 18, N'gói', 5000),
('HH10', N'Thuốc lá', 5, N'hộp', 30000),
('HH11', N'Sữa tắm Dove', 20, N'chai', NULL),
('HH12', N'Dầu gội', 20, N'chai', NULL),
('HH13', N'Quẹt ga', 5, N'cái', NULL),
('HH14', N'Giấy vệ sinh', 50, N'cuộn', NULL),
('HH15', N'Bộ chăn ga', 10, N'bộ', NULL),
('HH16', N'Khăn tắm', 30, N'cái', NULL),
('HH17', N'Kem đánh răng', 20, N'cái', NULL),
('HH18', N'Bàn chải đánh răng', 20, N'cái', NULL),
('HH19', N'Lược', 20, N'cái', NULL),
('HH20', N'Dép', 10, N'đôi', NULL),
('HH21', N'Cốc thuỷ tinh', 50, N'cái', NULL)

insert into KHACHHANG 
values ('KH001',N'Nguyễn Văn Hùng',N'123 Đường Hoàng Văn Thụ, Hà Nội', '1022287345763'),
('KH002', N'Trần Thị Anh Thư', N'456 Đường Lê Lợi, Thành phố Hồ Chí Minh', '1714616474803'),
('KH003', N'Lê Quang Dũng', N'789 Phố Nguyễn Du, Đà Nẵng', '1241835902037'),
('KH004', N'Phạm Minh Duệ', N'111 Đường Trần Hưng Đạo, Huế', '1965736506627'),
('KH005', N'Hoàng Thị Lan', N'222 Đường Trần Phú, Nha Trang', '1254985094939'),
('KH006', N'Trịnh Văn Quyết', N'333 Đường Lý Thường Kiệt, Quy Nhơn', '1061560326375'),
('KH007', N'Bùi Thị Giang', N'777 Đường Lý Tự Trọng, Vũng Tàu', '1924928553854'),
('KH008', N'Đinh Văn Hùng', N'99 Đường Nguyễn Huệ, Cần Thơ', '1572241558703'),
('KH009', N'Lương Thị Châu', N'888 Đường Phan Đình Phùng, Đà Lạt', '1309042764972'),
('KH010', N'Võ Văn Linh', N'456 Đường Trần Hưng Đạo, Hội An', '1034409538267'),
('KH011', N'Ngô Thị Mến', N'789 Đường Hùng Vương, Hải Phòng', '1668867234502'),
('KH012', N'Đặng Văn Nông', N'654 Đường Lê Duẩn, Sài Gòn', '1874334706108'),
('KH013', N'Mai Thị Phương', N'777 Đường Lê Lai, Biên Hòa', '1601994051692'),
('KH014', N'Quách Văn Quyền', N'888 Đường Trần Phú, Nha Trang', '1024446051508'),
('KH015', N'Hoàng Thị Thanh', N'123 Đường Lý Thường Kiệt, Quy Nhơn', '1801737498697'),
('KH016', N'Phan Văn Uyên', N'456 Đường Nguyễn Huệ, Cần Thơ', '1167869025265'),
('KH017', N'Trần Thị Vy', N'789 Đường Phan Đình Phùng, Đà Lạt', '1834339731021'),
('KH018', N'Lê Văn Khang', N'999 Đường Trần Hưng Đạo, Hội An', '1809357467107'),
('KH019', N'Nguyễn Thị Minh Thư', N'654 Đường Hùng Vương, Hải Phòng', '1100509688418'),
('KH020', N'Vũ Văn Trịnh', N'321 Đường Lê Duẩn, Sài Gòn', '1188960444884'),
('KH021', N'Huỳnh Đức Ngọc Diệp', N'111 Đường Hùng Vương, Hải Phòng', '1695796975430'),
('KH022', N'Lê Hồ Minh Duy', N'222 Đường Lê Duẩn, Sài Gòn', '1411379044251'),
('KH023', N'Nguyễn Phúc Khang', N'333 Đường Nguyễn Huệ, Cần Thơ', '1644723188474'),
('KH024', N'Tăng Du Linh', N'444 Đường Phan Đình Phùng, Đà Lạt', '1334329516289'),
('KH025', N'Võ Thị Bích Loan', N'555 Đường Trần Hưng Đạo, Huế', '1532510488874'),
('KH026', N'Trần Quang Minh', N'666 Đường Trần Phú, Nha Trang', '1866264385034'),
('KH027', N'Lê Thái Toàn', N'777 Đường Lý Thường Kiệt, Quy Nhơn', '1662864614565'),
('KH028', N'Trần Diễm Tú', N'888 Đường Lê Lợi, Thành phố Hồ Chí Minh', '1215871421876'),
('KH029', N'Nguyễn Đình Anh Tuấn', N'999 Đường Hoàng Văn Thụ, Hà Nội', '1727638013288'),
('KH030', N'Phạm Ngọc Thanh Thảo', N'123 Đường Lê Lai, Biên Hòa', '1181749286899')


insert into PHONG 
values ('A101',N'Đơn',N'Đang ở',120000,350000),
('A102', N'Đơn', N'Đang ở', 120000, 350000),
('A103', N'Đơn', N'Đã đặt', 120000, 350000),
('A104', N'Đôi', N'Đang ở', 200000, 450000),
('A105', N'Đôi', N'Trống', 200000, 450000),
('A201', N'Đơn', N'Đang ở', 120000, 350000),
('A202', N'Đơn', N'Đã đặt', 120000, 350000),
('A203', N'Đơn', N'Trống', 120000, 350000),
('A204', N'Đôi', N'Đã đặt', 200000, 450000),
('A205', N'Đôi', N'Đang ở', 200000, 450000),
('A301', N'Đơn', N'Trống', 120000, 350000),
('A302', N'Đơn', N'Đang ở', 120000, 350000),
('A303', N'Đơn', N'Trống', 120000, 350000),
('A304', N'Đôi', N'Đang ở', 200000, 450000),
('A305', N'Đôi', N'Trống', 200000, 450000)

insert into NHANVIEN 
values ('QL01',N'Nguyễn Thị Xuân Trang','0734898909',N'Quản lý'),
('NV01',N'Bùi Thị Thanh Xuân','0392671447',N'Nhân viên'),
('NV02',N'Trương Hà Giang','0813144966',N'Nhân viên')

insert into HOADONBAN 
values ('HDB001', 'KH002', 'A101', '2023-01-14 14:30:30', '2023-01-17 22:00:03', N'Ngày', 1151500, 100000, 1251500, 'NV01'),
('HDB002', 'KH007', 'A102', '2023-03-09 12:40:45', '2023-03-11 23:59:59', N'Ngày', 861000, 115000, 976000, 'NV01'),
('HDB003', 'KH003', 'A203', '2023-01-15 09:35:22', '2023-01-20 22:00:05', N'Ngày', 1925000, 75000, 2000000, 'NV01'),
('HDB004', 'KH010', 'A304', '2023-05-10 18:30:10', '2023-05-12 21:30:10', N'Ngày', 956250, 165000, 1121250, 'NV01'),
('HDB005', 'KH001', 'A105', '2023-01-17 17:30:41', '2023-01-20 22:30:07', N'Ngày', 1425000, 105000, 1530000, 'NV01'),
('HDB006', 'KH006', 'A201', '2023-02-18 19:50:53', '2023-02-22 07:30:05', N'Ngày', 1210417, 170000, 1380417, 'NV02'),
('HDB007', 'KH009', 'A302', '2023-05-25 17:45:28', '2023-05-25 19:45:09', N'Giờ', 480000, 20000, 500000, 'NV02'),
('HDB008', 'KH004', 'A303', '2023-02-21 14:30:10', '2023-02-25 22:30:00', N'Ngày', 1502083, 138000, 1640083, 'NV02'),
('HDB009', 'KH002', 'A104', '2023-02-21 12:50:16', '2023-02-26 23:59:59', N'Ngày', 2456250, 170000, 2626250, 'NV02'),
('HDB010', 'KH008', 'A105', '2023-06-21 09:45:32', '2023-06-23 22:45:24', N'Ngày', 1125000, 90000, 1215000, 'NV02'),
('HDB011', 'KH005', 'A101', '2023-02-23 18:30:34', '2023-02-27 21:30:42', N'Ngày', 1443750, 105000, 1548750, 'NV02'),
('HDB012', 'KH001', 'A202', '2023-03-24 17:30:36', '2023-03-24 20:25:14', N'Giờ', 360000, 110000, 470000, 'NV01'),
('HDB013', 'KH008', 'A103', '2023-07-20 00:25:52', '2023-07-23 03:25:52', N'Ngày', 1093750, 35000, 1128750, 'NV01'),
('HDB014', 'KH003', 'A204', '2023-03-29 07:10:21', '2023-03-29 09:00:14', N'Giờ', 400000, 40000, 440000, 'NV01'),
('HDB015', 'KH019', 'A305', '2023-03-30 22:15:13', '2023-04-05 08:02:52', N'Ngày', 2418750, 70000, 2488750, 'NV02'),
('HDB016', 'KH014', 'A301', '2023-03-31 07:30:42', '2023-04-06 21:30:43', N'Ngày', 2304167, 60000, 2364167, 'NV02'),
('HDB017', 'KH011', 'A102', '2023-04-03 08:31:12', '2023-04-04 20:45:45', N'Ngày', 525000, 75000, 600000, 'NV02'),
('HDB018', 'KH020', 'A203', '2023-08-22 14:30:32', '2023-08-24 22:30:46', N'Ngày', 816667, 60000, 876667, 'NV02'),
('HDB019', 'KH013', 'A204', '2023-04-04 12:25:43', '2023-04-05 23:59:59', N'Ngày', 656250, 55000, 711250, 'NV02'),
('HDB020', 'KH015', 'A305', '2023-04-03 09:20:14', '2023-04-07 22:00:30', N'Ngày', 2025000, 135000, 2160000, 'NV02'),
('HDB021', 'KH016', 'A101', '2023-09-20 18:35:25', '2023-09-22 21:00:15', N'Ngày', 729167, 55000, 784167, 'NV01'),
('HDB022', 'KH012', 'A102', '2023-04-08 17:50:43', '2023-04-11 22:00:27', N'Ngày', 1108333, 115000, 1223333, 'NV01'),
('HDB023', 'KH017', 'A303', '2023-05-06 00:40:25', '2023-05-09 03:00:49', N'Ngày', 1079167, 15000, 1094167, 'NV01'),
('HDB024', 'KH018', 'A104', '2023-08-09 07:42:42', '2023-08-12 22:57:59', N'Ngày', 1631250, 30000, 1661250, 'NV01'),
('HDB025', 'KH014', 'A105', '2023-05-10 22:32:48', '2023-05-12 00:02:37', N'Ngày', 468750, 40000, 508750, 'NV02'),
('HDB026', 'KH020', 'A101', '2023-05-11 07:43:28', '2023-05-12 21:30:36', N'Ngày', 539583, 45000, 584583, 'NV02'),
('HDB027', 'KH022', 'A102', '2023-06-12 08:31:38', '2023-06-14 20:45:45', N'Ngày', 875000, 90000, 965000, 'NV02'),
('HDB028', 'KH023', 'A103', '2023-06-13 14:30:35', '2023-06-16 22:00:22', N'Ngày', 1152083, 75000, 1227083, 'NV02'),
('HDB029', 'KH024', 'A104', '2023-07-05 12:59:13', '2023-07-08 23:59:59', N'Ngày', 1556250, 45000, 1601250, 'NV02'),
('HDB030', 'KH025', 'A105', '2023-06-15 09:30:25', '2023-06-20 22:00:24', N'Ngày', 2850000, 95000, 2945000, 'NV02'),
('HDB031', 'KH026', 'A303', '2023-06-16 18:00:26', '2023-06-17 21:30:47', N'Ngày', 393750, 30000, 423750, 'NV01'),
('HDB032', 'KH027', 'A104', '2023-07-17 17:30:37', '2023-07-18 22:00:28', N'Ngày', 525000, 75000, 600000, 'NV01'),
('HDB033', 'KH028', 'A105', '2023-09-15 00:30:24', '2023-09-17 03:00:47', N'Ngày', 937500, 50000, 987500, 'NV02'),
('HDB034', 'KH029', 'A101', '2023-07-19 07:20:24', '2023-07-20 22:57:35', N'Ngày', 568750, 250000, 818750, 'NV01'),
('HDB035', 'KH030', 'A202', '2023-08-16 22:10:15', '2023-08-18 00:02:48', N'Ngày', 364583, 90000, 454583, 'NV01'),
('HDB036', 'KH021', 'A301', '2023-07-21 07:00:14', '2023-07-22 21:30:52', N'Ngày', 554167, 315000, 869167, 'NV01'),
('HDB037', 'KH027', 'A202', '2023-04-05 08:31:25', '2023-04-06 20:45:45', N'Ngày', 525000, 10000, 535000, 'NV02');


insert into HDBANCHITIET 
values ('HDB001', 'HH01', 4, N'chai', 10000, 40000),
  ('HDB001', 'HH02', 4, N'chai', 15000, 60000),
  ('HDB002', 'HH01', 6, N'chai', 10000, 60000),
  ('HDB002', 'HH02', 3, N'chai', 15000, 45000),
  ('HDB002', 'HH09', 2, N'gói', 5000, 10000),
  ('HDB003', 'HH03', 5, N'chai', 15000, 75000),
  ('HDB004', 'HH04', 3, N'chai', 15000, 45000),
  ('HDB004', 'HH05', 4, N'gói', 15000, 60000),
  ('HDB004', 'HH10', 2, N'chai', 30000, 60000),
  ('HDB005', 'HH05', 5, N'chai', 15000, 75000),
  ('HDB005', 'HH10', 1, N'hộp', 30000, 30000),
  ('HDB006', 'HH06', 5, N'gói', 5000, 25000),
  ('HDB006', 'HH04', 4, N'chai', 15000, 60000),
  ('HDB006', 'HH01', 4, N'chai', 10000, 40000),
  ('HDB006', 'HH05', 3, N'chai', 15000, 45000),
  ('HDB007', 'HH07', 4, N'gói', 5000, 20000),
  ('HDB008', 'HH08', 6, N'lon', 23000, 138000),
  ('HDB009', 'HH01', 2, N'chai', 10000, 20000),
  ('HDB009', 'HH02', 6, N'chai', 15000, 90000),
  ('HDB009', 'HH10', 2, N'hộp', 30000, 60000),
  ('HDB010', 'HH01', 3, N'chai', 10000, 30000),
  ('HDB010', 'HH03', 4, N'chai', 15000, 60000),
  ('HDB011', 'HH05', 7, N'chai', 15000, 105000),
  ('HDB012', 'HH07', 1, N'gói', 5000, 5000),
  ('HDB012', 'HH04', 2, N'chai', 15000, 30000),
  ('HDB012', 'HH05', 5, N'chai', 15000, 75000),
  ('HDB013', 'HH06', 3, N'gói', 5000, 15000),
  ('HDB013', 'HH01', 2, N'chai', 10000, 20000),
  ('HDB014', 'HH01', 3, N'chai', 10000, 30000),
  ('HDB014', 'HH09', 2, N'gói', 5000, 10000),
  ('HDB015', 'HH01', 2, N'chai', 10000, 20000),
  ('HDB015', 'HH09', 10, N'gói', 5000, 50000),
  ('HDB016', 'HH02', 4, N'chai', 15000, 60000),
  ('HDB017', 'HH03', 5, N'chai', 15000, 75000),
  ('HDB018', 'HH04', 3, N'chai', 15000, 45000),
  ('HDB018', 'HH09', 3, N'gói', 5000, 15000),
  ('HDB019', 'HH05', 2, N'chai', 15000, 30000),
  ('HDB019', 'HH09', 5, N'gói', 5000, 25000),
  ('HDB020', 'HH06', 7, N'gói', 5000, 35000),
  ('HDB020', 'HH01', 10, N'chai', 10000, 100000),
  ('HDB021', 'HH05', 2, N'chai', 15000, 30000),
  ('HDB021', 'HH07', 5, N'gói', 5000, 25000),
  ('HDB022', 'HH08', 5, N'lon', 23000, 115000),
  ('HDB023', 'HH09', 3, N'gói', 5000, 15000),
  ('HDB024', 'HH10', 1, N'cái', 30000, 30000),
  ('HDB025', 'HH09', 2, N'gói', 5000, 10000),
  ('HDB025', 'HH04', 2, N'chai', 15000, 30000),
  ('HDB026', 'HH02', 3, N'chai', 15000, 45000),
  ('HDB027', 'HH03', 3, N'chai', 15000, 45000),
  ('HDB027', 'HH05', 1, N'chai', 15000, 15000),
  ('HDB027', 'HH06', 6, N'gói', 5000, 30000),
  ('HDB028', 'HH05', 5, N'chai', 15000, 75000),
  ('HDB029', 'HH01', 2, N'chai', 10000, 20000),
  ('HDB029', 'HH07', 5, N'gói', 5000, 25000),
  ('HDB030', 'HH01', 5, N'chai', 10000, 50000),
  ('HDB030', 'HH02', 3, N'chai', 15000, 45000),
  ('HDB031', 'HH03', 2, N'chai', 15000, 30000),
  ('HDB032', 'HH04', 3, N'chai', 15000, 45000)

insert into HDBANCHITIET 
values('HDB032', 'HH01', 3, N'chai', 10000, 30000),
  ('HDB033', 'HH01', 2, N'chai', 10000, 20000),
  ('HDB033', 'HH05', 2, N'chai', 15000, 30000),
  ('HDB034', 'HH06', 4, N'gói', 5000, 20000),
  ('HDB034', 'HH01', 20, N'chai', 10000, 200000),
  ('HDB034', 'HH04', 2, N'chai', 15000, 30000),
  ('HDB035', 'HH09', 1, N'gói', 5000, 5000),
  ('HDB035', 'HH06', 4, N'gói', 5000, 20000),
  ('HDB035', 'HH01', 5, N'chai', 10000, 50000),
  ('HDB035', 'HH07', 3, N'gói', 5000, 15000),
  ('HDB036', 'HH01', 20, N'chai', 10000, 200000),
  ('HDB036', 'HH08', 5, N'lon', 23000, 115000),
  ('HDB037', 'HH09', 2, N'gói', 5000, 10000);


insert into HOADONNHAP 
values ('HDN001','2023-01-20 07:35:19', 935000,'NV01'),
 ('HDN002', '2023-02-05 15:50:27', 1853000, 'NV01'),
  ('HDN003', '2023-02-27 20:10:28', 4165000, 'NV01'),
  ('HDN004', '2023-03-07 08:35:29', 410000, 'NV01'),
  ('HDN005', '2023-03-10 22:40:48', 1260000, 'NV01'),
  ('HDN006', '2023-03-15 12:15:44', 430000, 'NV02'),
  ('HDN007', '2023-04-15 14:55:17', 532000, 'NV02'),
  ('HDN008', '2023-04-23 21:10:18', 1272000, 'NV02'),
  ('HDN009', '2023-04-30 19:45:28', 1565000, 'NV02'),
  ('HDN010', '2023-05-03 14:20:11', 660000, 'NV01')


insert into HDNHAPCHITIET 
values 
  ('HDN001', 'HH01', 72, N'chai', 3, N'thùng', 96000, 288000),
  ('HDN001', 'HH02', 24, N'chai', 1, N'thùng', 240000, 240000),
  ('HDN001', 'HH03', 24, N'chai', 1, N'thùng', 192000, 192000),
  ('HDN001', 'HH04', 24, N'chai', 1, N'thùng', 215000, 215000),
  ('HDN002', 'HH05', 24, N'chai', 1, N'thùng', 215000, 215000),
  ('HDN002', 'HH06', 50, N'gói', 2, N'hộp', 25000, 50000),
  ('HDN002', 'HH07', 20, N'gói', 1, N'hộp', 60000, 60000),
  ('HDN002', 'HH08', 24, N'lon', 1, N'thùng', 432000, 432000),
  ('HDN002', 'HH09', 32, N'gói', 4, N'cây', 24000, 96000),
  ('HDN002', 'HH10', 50, N'hộp', 5, N'lốc', 200000, 1000000),
  ('HDN003', 'HH11', 15, N'chai', 15, N'chai', 60000, 900000),
  ('HDN003', 'HH12', 20, N'chai', 20, N'chai', 75000, 1500000),
  ('HDN003', 'HH13', 5, N'cái', 5, N'cái', 3000, 15000),
  ('HDN003', 'HH14', 50, N'cuộn', 5, N'lốc', 80000, 400000),
  ('HDN003', 'HH15', 5, N'bộ', 5, N'bộ', 210000, 1050000),
  ('HDN003', 'HH16', 10, N'cái', 10, N'cái', 30000, 300000),
  ('HDN004', 'HH21', 30, N'cái', 3, N'hộp', 65000, 195000),
  ('HDN004', 'HH05', 24, N'chai', 1, N'thùng', 215000, 215000),
  ('HDN005', 'HH16', 10, N'cái', 10, N'cái', 30000, 300000),
  ('HDN005', 'HH17', 20, N'cái', 20, N'cái', 38000, 760000),
  ('HDN005', 'HH18', 20, N'cái', 20, N'cái', 10000, 200000),
  ('HDN006', 'HH19', 20, N'cái', 20, N'cái', 10000, 200000),
  ('HDN006', 'HH20', 5, N'đôi', 5, N'đôi', 20000, 100000),
  ('HDN006', 'HH21', 20, N'cái', 2, N'hộp', 65000, 130000),
  ('HDN007', 'HH20', 5, N'đôi', 5, N'đôi', 20000, 100000),
  ('HDN007', 'HH02', 24, N'chai', 1, N'thùng', 240000, 240000),
  ('HDN007', 'HH03', 24, N'chai', 1, N'thùng', 192000, 192000),
  ('HDN008', 'HH08', 24, N'lon', 1, N'thùng', 432000, 432000),
  ('HDN008', 'HH09', 16, N'gói', 2, N'cây', 24000, 48000),
  ('HDN008', 'HH10', 30, N'hộp', 3, N'lốc', 200000, 600000),
  ('HDN008', 'HH01', 48, N'chai', 2, N'thùng', 96000, 192000),
  ('HDN009', 'HH04', 24, N'chai', 1, N'thùng', 215000, 215000),
  ('HDN009', 'HH15', 5, N'bộ', 5, N'bộ', 210000, 1050000),
  ('HDN009', 'HH16', 10, N'cái', 10, N'cái', 30000, 300000),
  ('HDN010', 'HH07', 20, N'gói', 1, N'hộp', 60000, 60000),
  ('HDN010', 'HH11', 5, N'chai', 5, N'chai', 60000, 300000),
  ('HDN010', 'HH10', 30, N'hộp', 3, N'lốc', 200000, 600000)
